id,pH,Sodium,Magnesium,Calcium,Chloride,Potassium,Carbonate,Sulphate,TDS,EC,TH,WQI,Potability
L1,7.26,77.51,32.55,81.4,63.55,1.95,419.68,68.16,640,1045,338,70.51,0
L2,7.54,36.11,31.1,42.4,19.53,1.56,273.28,57.12,400,645,234,48.31,1
L3,7.66,119.37,19,58.2,60.71,1.17,195.2,220.8,640,998,224,55.70,0
L4,5.98,117.07,29.65,145.4,37.28,2.73,580.72,190.08,950,1516,486,97.02,0
L5,7.02,45.08,23.35,49.6,23.43,1.17,248.88,74.88,410,658,220,46.45,1
L6,6.97,73.37,33.03,50.4,35.15,2.34,346.48,83.04,540,875,262,58.79,0
L7,7.16,121.9,29.65,67.8,47.22,1.17,195.2,310.08,740,1153,292,63.31,0
L8,7.34,54.05,16.58,56.6,24.5,1.17,297.68,45.12,420,676,210,48.35,1
L9,7.27,55.2,25.29,68.6,45.09,1.95,307.44,74.88,510,817,276,57.01,0
L10,7.21,59.8,32.55,57.4,31.24,3.12,341.6,80.16,530,848,278,59.62,0
L11,7.58,64.63,30.61,44.8,27.34,2.73,307.44,81.12,490,786,238,54.51,0
L12,7.13,80.96,27.71,98.2,66.74,1.95,458.72,60,680,1098,360,74.68,0
L13,7.36,23.23,34,42.4,15.62,1.17,263.52,52.8,370,613,246,47.11,1
L14,7.22,62.1,26.26,55.2,32.31,1.56,326.96,61.92,490,788,246,54.58,0
L15,7.31,37.95,20.45,68.6,29.47,1.56,307.44,39.84,430,698,256,52.13,0
L16,7.26,67.39,21.9,63,27.34,1.56,297.68,104.16,510,815,248,54.66,0
L17,7.35,82.57,14.64,40.8,29.47,1.56,263.52,79.2,440,706,162,45.76,1
L18,7.32,25.99,9.68,39.2,13.85,0.78,180.56,24.96,250,402,138,32.45,1
L19,7.43,32.2,7.74,48,22.72,0.78,195.2,26.88,280,458,152,35.47,1
L20,7.51,41.4,7.74,46.4,14.56,1.17,195.2,52.8,310,494,148,36.59,1
L21,7.47,114.77,24.32,81.4,47.22,1.56,258.64,260.16,730,1143,304,66.46,0
L22,7.44,28.29,8.71,41.6,15.62,0.78,185.44,24,260,417,140,33.26,1
L23,7.33,105.8,20.45,59,34.44,1.17,278.16,172.8,610,962,232,57.06,0
L24,7.46,21.85,10.65,47.2,10.65,0.78,204.96,23.04,270,434,162,35.57,1
L25,7.07,46.92,21.42,60.6,31.24,1.56,287.92,57.12,440,707,240,50.64,0
L26,7.32,33.81,7.74,52,16.69,0.78,165.92,70.08,310,490,162,35.90,1
L27,7.24,29.9,10.16,57.4,25.56,0.78,190.32,54.24,320,518,186,38.78,1
L28,7.37,78.66,14.16,41.6,31.24,0.78,200.08,116.16,440,693,162,42.79,1
L29,7.36,126.73,33.03,65.4,51.12,1.95,263.52,271.2,760,1190,300,67.74,0
L30,7.42,25.3,8.23,39.2,15.62,0.78,175.68,19.2,240,390,132,31.65,1
L31,7.33,5.75,21.78,90,17.75,0,335.5,25.44,430,672,315,54.65,0
L32,7.47,4.6,20.57,78,14.2,0,311.1,13.44,376,587,280,49.69,1
L33,7.48,4.6,16.94,76,10.65,0,292.8,13.44,354,553,260,46.91,1
L34,8.07,5.75,12.1,64,10.65,0,189.1,49.44,292,457,210,38.62,1
L35,7.19,25.07,18.15,90,28.4,0,335.5,36.96,465,715,300,55.31,0
L36,7.38,20.01,14.52,80,24.85,0,305,16.8,395,617,260,49.26,1
L37,8.03,4.6,20.57,58,14.2,0,244,18.24,316,493,230,42.36,1
L38,8.15,6.44,29.04,58,17.75,0,262.3,36.48,365,570,265,47.21,1
L39,7.7,7.36,18.15,90,17.75,0,305,38.4,412,644,300,52.52,0
L40,7.71,2.76,16.94,56,10.65,0,225.7,14.4,272,425,210,38.76,1
L41,7.55,8.97,33.88,92,17.75,0,408.7,27.36,519,798,370,63.82,0
L42,8.28,3.68,16.94,62,10.65,0,244,16.32,306,478,225,41.93,1
L43,7.62,2.76,18.15,54,10.65,0,225.7,14.4,283,442,210,38.83,1
L44,7.81,4.6,16.94,76,10.65,0,280.6,23.04,351,548,260,46.79,1
L45,8.04,3.68,19.36,54,10.65,0,231.8,16.32,295,461,215,40.14,1
L46,8.06,6.44,12.1,58,10.65,0,219.6,12.48,274,428,195,37.88,1
L47,7.71,1.38,15.73,52,7.1,0,213.5,11.52,265,414,195,36.71,1
L48,7.45,5.75,21.78,80,14.2,0,305,30.24,393,614,290,50.79,0
L49,7.68,4.6,16.94,72,10.65,0,280.6,13.44,342,534,250,45.56,1
L50,7.65,4.6,16.94,80,14.2,0,298.9,13.44,367,573,270,48.44,1
L51,7.97,5.75,25.41,76,14.2,0,305,35.04,401,626,295,51.82,0
L52,7.71,4.6,19.36,70,10.65,0,262.3,32.64,346,540,255,45.51,1
L53,7.35,11.73,33.88,100,24.85,0,408.7,42.72,550,846,390,66.32,0
L54,7.46,3.68,16.94,60,10.65,0,244,11.52,302,472,220,40.61,1
L55,7.66,2.76,18.15,50,7.1,0,225.7,9.6,269,420,200,37.66,1
L56,7.28,9.89,25.41,84,21.3,0,347.7,19.68,438,685,315,55.41,0
L57,8.18,2.07,10.89,66,10.65,0,225.7,12.96,284,444,210,39.45,1
L58,7.73,4.6,13.31,90,14.2,0,305,18.24,381,596,280,49.97,1
L59,7.51,3.68,15.73,68,7.1,0,268.4,11.52,319,499,235,43.14,1
L60,8,5.06,26.62,70,14.2,0,317.2,14.4,384,600,285,50.92,0
L61,7.3,14.95,42.35,104,31.95,0,378.2,107.04,614,944,435,70.81,0
L62,7.58,3.68,24.2,60,10.65,0,274.5,16.32,336,525,250,44.97,1
L63,7.63,5.75,12.1,60,10.65,0,219.6,15.84,281,439,200,38.01,1
L64,7.74,2.76,16.94,54,10.65,0,219.6,14.4,276,432,205,38.18,1
L65,7.27,25.07,22.99,80,24.85,0,359.9,17.76,463,712,295,55.52,0
L66,7.54,3.68,24.2,56,10.65,0,262.3,16.32,323,505,240,43.38,1
L67,7.54,4.6,25.41,74,10.65,0,323.3,18.24,388,607,290,51.19,0
L68,7.56,7.36,25.41,74,14.2,0,329.4,14.4,401,627,290,51.85,0
L69,7.83,2.76,15.73,54,10.65,0,213.5,14.4,268,418,200,37.48,1
L70,7.29,7.36,24.2,82,17.75,0,341.6,14.4,420,656,305,53.77,0
L71,7.84,7.36,10.89,60,10.65,0,219.6,14.4,275,430,195,37.79,1
L72,7.74,8.97,20.57,76,10.65,0,305,27.36,383,598,275,49.73,1
L73,7.42,5.75,25.41,74,17.75,0,317.2,15.84,392,612,290,51.08,0
L74,7.63,4.6,22.99,70,10.65,0,298.9,18.24,364,569,270,48.25,1
L75,7.46,5.75,24.2,68,17.75,0,292.8,15.84,372,581,270,48.14,1
L76,7.58,4.6,22.99,80,10.65,0,329.4,18.24,397,620,295,52.08,0
L77,7.56,7.36,24.2,78,14.2,0,335.5,14.4,405,633,295,52.61,0
L78,7.53,8.97,18.15,84,17.75,0,317.2,17.76,398,622,285,51.20,0
L79,7.34,3.68,21.78,60,10.65,0,262.3,16.32,324,506,240,43.25,1
L80,7.87,2.76,24.2,48,10.65,0,237.9,14.4,274,428,220,40.15,1
L81,7.34,4.6,19.36,70,10.65,0,280.6,18.24,344,538,255,45.71,1
L82,7.62,7.36,18.15,48,10.65,0,219.6,14.4,279,436,195,37.51,1
L83,7.59,5.75,15.73,58,10.65,0,231.8,15.84,292,457,210,39.43,1
L84,7.57,14.95,38.72,110,31.95,0,396.5,92.64,616,497,435,69.33,0
L85,7.06,6.44,27.83,76,10.65,0,335.5,26.88,414,647,305,53.08,0
L86,7.52,2.76,20.57,48,10.65,0,219.6,14.4,278,435,205,37.94,1
L87,7.33,4.6,25.41,50,10.65,0,244,23.04,312,487,230,41.53,1
L88,7.23,9.89,36.3,96,17.75,0,451.4,14.88,541,833,390,67.16,0
L89,7.26,8.05,29.04,88,21.3,0,305,59.04,470,723,340,56.43,0
L90,7.21,5.75,29.04,80,10.65,0,353.8,25.44,431,673,320,55.42,0
L91,7.53,432,347,436,406.54,71,0,4.6,1036,1480,0,224.59,0
L92,7.45,553,432,665,1518.9,45,0,1,1690.5,2415,450,310.76,0
L93,7.59,675,543,453,1217.8,33,0,7,2430.4,3472,575,307.87,0
L94,7.5,575,674,765,900,39,0,1,3340.4,4772,100,359.13,0
L95,6.93,775,990,432,4700,110,0,200,11619,16598,1400,722.69,0
L96,7.17,453,643,543,1110.3,53,0,4.2,1414,2020,0,305.43,0
L97,6.92,667,643,564,563.35,45,0,4.5,2534,3620,0,311.88,0
L98,8.02,876,643,543,686.54,23,0,2,1115.1,1593,175,290.60,0
L99,7.75,389,222.75,541,425.35,33,0,1,1321.6,1888,475,203.43,0
L100,8.02,314.43,543,423,1310.5,78,0,100,5378.8,7684,625,373.21,0
L101,7.61,1157.8,215.21,445,1082,90,0,2,1425.2,2036,500,290.67,0
L102,6.82,1066.5,765,665,1557.8,75,0,150,5412.4,7732,825,488.67,0
L103,7.74,373.09,356.86,453,413.44,78,0,5.2,1820,2600,0,243.41,0
L104,6.94,234,422.55,345,1200,54,0,5.4,1204.7,1721,540,247.85,0
L105,6.8,609.23,290.9,234,1160,67,0,19.7,1127,1610,700,239.95,0
L106,7.19,343,287.84,342,0,32,0,0,707,1010,380,162.63,0
L107,7.57,675,316.1,675,120,52.88,0,8.5,1349.6,1928,420,254.18,0
L108,7.53,426.9,465.04,543,1040,56,0,125,4256.7,6081,675,338.27,0
L109,7.38,335.89,345.83,342,920,63,0,25,1241.8,1774,660,241.47,0
L110,7.07,347.9,482.88,453,624,78,0,5,1961.4,2802,325,282.93,0
L111,7.11,280.89,408.11,345,3200,71,0,150,5667.2,8096,500,390.32,0
L112,7.2,654.45,483.61,347,388,52,0,50,1302,1860,350,248.96,0
L113,7.27,456.67,392.7,439,388,73,0,50,1302,1860,350,250.57,0
L114,7.08,407.23,703.14,1007,2320,75,0,80,7051.8,10074,1100,544.25,0
L115,6.97,980.81,237.4,654,0,54,0,0,2044,2920,700,266.77,0
L116,7.03,702.89,267.54,345,0,77,0,0,1582,2260,640,230.80,0
L117,7.47,306.9,277.24,453,960,72,0,40,2205,3150,900,271.45,0
L118,7.75,656.9,275.26,654,880,53,0,40,2128,3040,880,293.03,0
L119,7.57,689.03,291.14,654,2320,43,0,80,2331,3330,950,339.21,0
L120,7.38,237.81,402.83,564,560,47,0,43,1201.9,1717,420,243.70,0
L121,7.11,345.9,369.31,1158,2320,93,0,150,4346.3,6209,750,462.24,0
L122,6.88,758.07,675.09,456.6,1840,98,0,200,6934.9,9907,400,470.27,0
L123,7.38,934.89,287.84,456,1314.4,45,0,0,1092,1560,340,257.86,0
L124,6.83,403.65,316.1,702.9,307.81,57,0,0.4,861,1230,0,233.04,0
L125,8.3,278.01,160.56,758.1,436.54,54,0,0.9,784,1120,0,207.58,0
L126,7.1,389.01,184.23,904.9,265.35,58,0,8.8,834.4,1192,482,246.96,0
L127,7.1,323.09,188.55,506.8,467.77,61,0,8.8,834.4,1192,482,204.90,0
L128,7.85,200.78,267.95,889,624.43,62,0,3.9,763,1090,0,250.53,0
L129,7.13,567.04,257.5,979.4,211.81,43,0,12.7,868,1240,0,250.42,0
L130,7.18,484.09,262.8,654.5,848.35,64,0,4.6,833,1190,0,242.80,0
L131,7.73,403.65,350.45,234,1186.9,65,0,7,815.5,1165,248,222.93,0
L132,8.11,334.89,695.17,345,177.88,53,0,2.5,815.5,1165,220,255.70,0
L133,8.21,334.9,522.55,456,784.43,30,0,8,835.1,1193,260,240.43,0
L134,7.89,526.78,390.9,567,1757.8,59,0,1.2,882,1260,328,292.48,0
L135,7.08,489.02,387.84,389,666.54,60,0,0,700,1000,480,237.38,0
L136,7.27,209.78,416.1,29.01,1657.8,55,0,0,672,960,360,208.56,0
L137,7.51,403.09,287.84,239.4,1246.8,75,0,13.8,801.5,1145,500,228.91,0
L138,7.28,298.01,316.1,207.1,614.43,53,0,7.8,987,1410,460,190.81,0
L139,7.3,178.9,460.56,373.1,157.81,75,0,11.8,964.6,1378,420,233.15,0
L140,7.27,302.82,384.23,407,1566.5,61,0,5.8,814.8,1164,560,262.93,0
L141,7.3,909.37,488.55,609.2,1890.6,71,0,3.9,966,1380,660,356.69,0
L142,7.14,314.43,367.95,176.5,199.8,64,0,16.7,1092,1560,920,208.61,0
L143,7.18,767.81,158.45,345.9,80,66,0,8,884.1,1263,420,191.11,0
L144,7.4,666.54,109.08,126.9,0,37,0,0,714,1020,460,125.28,0
L145,7.4,252.35,107.94,135.9,0,68,0,0,763,1090,440,130.96,0
L146,8.54,506.8,118.53,334.9,33,16.09,0,18,536.9,767,360,125.78,0
L147,8.46,206.8,60.21,28.89,32,19.15,0,7,488.6,698,140,59.06,0
L148,6.99,403.9,69.09,54.45,0,12.77,0,0,700,1000,400,76.52,0
L149,8.41,123,70.71,56.67,37,22.71,0,17,650.3,929,188,67.42,0
L150,6.41,176,62.98,40.23,44,16,0,5,924.7,1321,164,62.92,0
L151,7.05,198,181.35,107.8,0,23,0,28.4,833,1190,0,92.26,0
L152,7.04,120,147.26,107.2,0,15,0,50,560,800,400,84.74,0
L153,6.41,217,151.18,178.6,44,11,0,5,924.7,1321,164,93.80,0
L154,6.77,127,89.03,27.01,0,15,0,0,819,1170,560,72.37,0
L155,7.02,120,100.32,38.01,0,23,0,0,714,1020,480,77.71,0
L156,6.77,187,103.96,23.09,0,22,0,0,819,1170,560,82.64,0
L157,7.25,90,103.22,20.78,0,12.09,0,5.8,630,900,0,51.02,0
L158,7.38,87,109.17,70.89,0,22.98,0,4.6,840,1200,0,69.59,0
L159,7.38,43,65.31,84.09,0,20.67,0,0,994,1420,580,79.30,0
L160,6.99,124,138.49,43.65,25,21.02,0,28,462,660,300,75.97,0
L161,6.62,137,151.06,70.89,20,16.9,0,5,359.1,513,288,76.18,0
L162,6.58,156,62.95,36.9,18,14.99,0,22,304.5,435,280,54.60,0
L163,7.45,167,109.08,66.9,22,25.02,0,12,364,520,244,75.29,0
L164,7.27,178,174.39,68.03,0,22.5,0,0,686,980,420,95.07,0
L165,7.57,188,129.68,27.81,40,10,0,15,596.4,852,208,67.03,0
L166,7.19,109,181.08,45.9,0,23.65,0,0,707,1010,380,90.37,0
L167,7.9,108,153.04,75.07,0,22.6,0,1.5,347.2,496,0,71.67,0
L168,7.19,178,96.56,94.89,0,15.9,0,1,399,570,0,62.02,0
L169,7.02,54,98.55,34.9,25,14.09,0,12,600.6,858,380,63.49,0
L170,6.95,98,281.42,56.78,12,10.94,0,15,275.8,394,188,87.84,0
L171,7.27,76,260.69,89.02,25,25.98,0,13,575.4,822,300,106.98,0
L172,7.68,54,96.13,20.78,20,11.08,0,9,396.2,566,240,52.11,0
L173,3.7,65,53.76,40.09,25,16.92,0,0.2,505.4,722,260,50.20,0
L174,7.51,50,54.55,98.01,32,17,0,7,513.1,733,188,58.59,0
L175,7.4,167,55.33,178.9,35,12.75,0,21,570.5,815,180,71.51,0
L176,7.7,32,56.12,30.82,45,25.16,0,14,668.5,955,180,58.92,0
L177,7.05,63,56.91,79.37,25,19.15,0,25,508.9,727,300,61.99,0
L178,9.08,86,57.69,31.44,20,17.77,0,9,375.2,536,224,53.45,0
L179,10.01,187,58.48,34.89,22,22.71,0,5,385,550,364,67.59,0
L180,7,65,59.27,32,45,15.42,0,61,556.5,795,460,60.73,0
L181,7.62,43,60.06,29.36,24,12.98,0,7,461.3,659,264,49.28,1
L182,7.63,33,60.84,32.09,23,11,0,2,431.9,617,316,48.82,1
L183,8.34,145,61.63,55.01,28,8.09,0,3,535.5,765,368,58.61,0
L184,7.61,122,62.42,43.01,24,7,0,2,481.6,688,364,53.66,0
L185,8.1,57,63.2,43.98,28,6,0,9,475.3,679,320,49.49,1
L186,8.22,96,63.99,22.56,30,11.03,0,7,559.3,799,340,54.64,0
L187,8.41,56,64.78,49.01,29,19.63,0,5,496.3,709,324,61.36,0
L188,8.09,78,65.56,88,23,9,0,7,428.4,612,288,56.60,0
L189,8.44,87,66.35,25.36,31,7.09,0,9,566.3,809,364,53.12,0
L190,8.22,90,67.14,23.09,30,14,0,7,559.3,799,340,57.26,0
L191,8.13,37.1,10,0,44.8,4.6,100.1,80,0,494,178.9,30.03,1
L192,8.07,35.1,18,0,52.1,4.8,117.1,78,0,537,186,32.90,1
L193,8.16,38.3,23,0,50.5,5.3,103.9,90,0,562,215.9,35.02,1
L194,8.34,37.4,25,0,55.6,5,111,81.1,0,570,202.5,35.24,1
L195,8.35,40.4,18,0,53.2,5.6,115.7,77.4,0,598,192.3,34.48,1
L196,8.22,51.1,13,0,59,10.6,80.2,77,0,629,210.3,36.99,1
L197,8.51,44.3,14,0,67.6,6,77.7,76.4,0,666,188.6,33.33,1
L198,8.59,49.4,10,0,74.3,6.5,109.4,62.5,0,656,165.6,33.93,1
L199,8.31,49.4,50,0,79.8,6.5,81.3,65.5,0,588,165.6,39.52,1
L200,8.45,49.4,10,0,82.1,6.5,84.7,67.1,0,615,165.6,32.77,1
L201,8.76,48,30,0,86.3,7,81.05,74.21,0,608.8,179.84,37.50,1
L202,8.64,54,20,0,85,7.4,113.07,76.5,0,627.2,186.5,37.91,1
L203,8.87,50,30,0,86.4,7,145.7,70.37,0,654.7,205.37,41.59,1
L204,8.61,53,40,0,95.2,7.7,140.11,74.75,0,639.6,220.13,44.29,1
L205,8.23,68,50,0,85.7,8.5,143.14,72.51,0,672.5,229.54,47.31,1
L206,8.28,57.75,20,0,91.8,8.79,149.27,70.55,0,683,207.23,41.46,1
L207,8.01,58.13,30,0,96.7,7.61,135.77,89.75,0,711.2,235.01,43.03,1
L208,8.11,57.9,30,0,92.4,7.88,136.15,49.12,0,695,190.67,41.03,1
L209,7.96,54.7,80,0,83.5,7.44,124.85,76,0,648.5,177.81,48.57,1
L210,8.27,57.41,20,0,86.4,8.07,132.58,74,0,652,180.89,39.07,1
L211,7.93,61,30,0,76,8.3,125.51,78,0,633.8,162.8,39.70,1
L212,7.64,56,30,0,78.5,9.2,132.63,78,0,648.8,156.96,40.18,1
L213,7.17,59,240,0,75.4,8.8,138.07,74,0,656.4,191.32,78.92,0
L214,8.59,72.3,30,0,81.1,10.27,137.95,76,0,634.6,199.89,44.13,1
L215,8.71,60.04,20,0,82.2,8.37,135.75,86,0,665.7,198,40.65,1
L216,8.75,85.84,10,0,76.8,12.8,135.17,84,0,665.6,204.12,43.36,1
L217,8.4,85.84,17.97,0,75.7,0,135.29,68,0,663.8,185.68,33.90,1
L218,8.27,52,62.5,0,93.1,7.8,127.94,74,0,658.8,151.23,45.47,1
L219,8.47,58.25,51,0,90.9,8.07,134.79,90,0,656.2,165.88,45.03,1
L220,8.13,58.25,5.01,0,94.8,0,125.88,0,0,663.7,175.91,28.65,1
L221,7.88,55.09,32.5,0,82.1,7.77,121.97,58.54,0,677.2,145.56,38.81,1
L222,8.06,46,137.26,0,66.1,8.2,127,51.66,0,473.5,144.04,56.43,0
L223,7.64,18,148.01,0,28.82,5,64,27.26,0,279.4,96.36,47.37,1
L224,7.25,13.91,104.44,0,13,4.68,62.72,26.55,0,245.1,82.45,37.50,1
L225,7.57,17.41,35.07,0,33.84,3.81,88.61,72.03,0,355,86.07,28.02,1
L226,7.95,25.52,41.98,0,0,4.51,94.9,78.3,0,440.2,102.89,30.87,1
L227,8,27.57,35.8,0,38.75,4.37,95.51,98.87,0,513.3,107.24,31.88,1
L228,8.1,39.57,10,0,64.99,5.79,104.47,81.71,0,1615,145.09,36.83,1
L229,8.31,43.12,22.72,0,42.17,6.1,103.67,92,0,606.2,209.95,35.77,1
L230,8.02,45.19,56.88,0,44.96,5.89,113.25,115.27,0,632,163.45,41.31,1
L231,7.99,45.19,30.25,0,49.02,5.89,122.1,91.38,0,657.2,163.45,36.67,1
L232,8.27,45.19,61,0,92.94,5.89,329.06,91.19,0,676,183.67,53.97,0
L233,8.05,54,64.2,0,68.81,7.2,106.15,63.71,0,682,187.84,44.53,1
L234,8.05,62,247.67,0,88.37,7.5,115.98,99.48,0,704.6,249.33,82.16,0
L235,8.16,62,43.25,0,95.05,7.5,139.89,89.35,0,715,230.7,45.69,1
L236,7.86,41.72,86.73,0,96.43,5.49,125.94,92.32,0,735.5,174.85,48.75,1
L237,8.47,41.72,11.13,0,91.46,5.49,127.87,96.33,0,711.5,212.43,36.59,1
L238,8.47,41.72,0,0,84.23,5.49,130.51,98.69,0,705.5,212.43,34.48,1
L239,8.25,41.72,97.25,0,87.46,5.49,140.74,97.88,0,717.2,212.43,52.57,0
L240,8.19,62,18.75,0,83.52,8.1,143.24,94.17,0,733,248.86,42.25,1
L241,8.42,70.64,27.77,0,86.17,8.92,144.92,94.86,0,738.6,248.86,45.32,1
L242,8.41,60.58,35.42,0,87.15,10.76,133.13,81.51,0,733.7,213.65,45.80,1
L243,8.32,66.85,10,0,85,9.14,137.78,87.7,0,773.2,188.13,39.85,1
L244,8.32,66.85,10,0,85,9.14,137.78,87.7,0,773.2,188.13,39.85,1
L245,8.57,58.7,10,0,84.57,8.43,133.09,76.05,0,782.8,192.23,38.91,1
L246,8.24,74.64,10,0,85.66,11.06,156.82,20,0,736.2,155.79,40.06,1
L247,8.63,64.29,129,0,84.92,11.13,122.85,83.07,0,622.5,166.01,60.92,0
L248,8.43,87.46,119.75,0,65.82,5.45,113.1,58.46,0,578,150.35,53.62,0
L249,8.44,61.52,123.6,0,69.77,7.89,191.27,65.39,0,707.8,158.61,59.75,0
L250,8.79,61.52,65,0,65.88,7.89,185.46,73.04,0,621.5,164.77,48.90,1
L251,7.09,61.52,44,0,65.88,7.89,109,73.04,0,498.8,156,39.09,1
L252,7.98,61.52,14,0,50,5.4,136,53,0,534,185,34.03,1
L253,8.41,42,100,0,55,6,123,53,0,540,174,48.90,1
L254,8.11,46,50,0,61,6.3,117,70,0,571.6,174,40.32,1
L255,8.13,54,48,0,64,7.5,120,68,0,612,139,40.60,1
L256,7.94,52,2.4,0,66,7.9,121,72,0,620.7,189,34.08,1
L257,8.33,60,81,0,80,7.8,113,78,0,606.4,121,47.06,1
L258,7.02,18,6.1,0,19,5,16,23,0,265.1,65,17.40,1
L259,7.35,20,8.1,0,28,5,62,38,0,313.5,88,21.76,1
L260,7.45,0,22,0,30,5,71,32,0,339,102,24.39,1
L261,7.34,25,6.6,0,34,5,86,47,0,399.8,116,24.45,1
L262,7.94,28,5.7,0,56,6,103,51,0,456.5,149,28.56,1
L263,7.09,38,2.4,0,48,5,109,59,0,498.8,156,27.47,1
L264,7.98,42,44,0,50,5.4,116,53,0,534,185,37.69,1
L265,8.41,42,100,0,55,6,123,53,0,540,174,48.90,1
L266,8.11,46,50,0,61,6.3,117,70,0,571.6,165,40.05,1
L267,8.13,54,48,0,64,7.5,120,68,0,612,139,40.60,1
L268,7.94,52,2.4,0,66,7.9,121,72,0,620.7,189,34.08,1
L269,8.33,60,81,0,80,7.8,113,78,0,606.4,121,47.06,1
L270,8.36,50,37,0,78,8.3,110,83,0,629,145,39.75,1
L271,8.43,52,22,0,82,8.9,93,78,0,661.8,156,37.40,1
L272,8.25,64,29,0,78,10.4,111,81,0,689.6,165,41.36,1
L273,8.28,55,23,0,97,8.7,126,86,0,715.8,180,40.55,1
L274,8.77,73,6.4,0,91,9.6,123,94,0,721,192,39.71,1
L275,8.95,52,76,0,82,7.8,131,79,0,733.8,214,50.76,0
L276,8.94,31.8,19.4,31.2,29.9,3,125.9,32,0,431,157.7,33.70,1
L277,9.11,30,20.3,32.2,30.6,4.8,145.1,30,0,448,164.1,36.57,1
L278,8.3,33.7,20.1,32,33.1,5.4,128,45,0,472,162.8,36.03,1
L279,9.01,32.3,20.7,33.4,31.9,5.3,136.9,45.8,0,469,168.6,37.38,1
L280,8.69,33.6,19.4,32.1,29.9,5.8,149.4,45.4,0,492,165.1,37.64,1
L281,8.69,23.6,17.3,29.7,33.6,9.8,108.3,23,0,485,145.5,36.75,1
L282,8.9,31.1,17.2,27.6,30.9,5,84.7,40.9,0,468,139.8,32.28,1
L283,8.78,33.3,17.9,24.9,34.8,5.5,111.4,34.2,0,425,136.3,33.32,1
L284,8.6,33.3,16,19.8,34.1,5.5,79,35.9,0,368,0.1,26.30,1
L285,8.97,33.3,17,19.6,37,5.4,81.8,35.3,0,395,0.1,27.07,1
L286,9.42,32,15,22,38.9,6.5,73.72,41.66,0,400,117.39,31.58,1
L287,9.4,33,16,24.26,45,6.8,100.45,45.1,0,419.5,126.55,34.14,1
L288,8.69,33,16,25,45,6.8,139.5,45.1,0,427,129.04,35.45,1
L289,9.2,38,18.6,28.4,42.9,7.5,128.45,39.6,0,444.6,148.36,37.59,1
L290,8.77,40,20.42,29.98,42.3,7.6,132.56,45.77,0,465,159.89,38.61,1
L291,8.07,44.55,18.79,28.1,38.6,7.05,130.58,39.61,0,446,148.38,36.46,1
L292,8.77,35.37,17.92,29.43,40,6.21,127.37,47.42,0,441.6,148.07,36.07,1
L293,8.2,34.31,16.05,25.85,41.4,6.51,141.55,27.65,0,466,131.37,34.89,1
L294,8.62,32.13,0.01,27.85,36.6,5.44,137.84,30,0,444.4,141.62,31.63,1
L295,8.19,33.38,17.62,24.46,35.8,6.15,120.08,28,0,419.7,134.46,33.39,1
L296,8.28,32,16.5,17.75,30.2,6.4,103.8,35,0,387,113.04,30.98,1
L297,7.95,30,17,18.5,22.1,6,114.43,35,0,404.5,116.99,30.91,1
L298,6.96,35,18.75,22,34.9,6.8,118.04,40,0,427.6,133.02,32.81,1
L299,8.28,35,19.22,24.99,34.9,6.8,121.44,37,0,455,142.43,35.03,1
L300,8.28,35,19.22,24.99,34.9,6.8,121.44,30,0,455,142.43,34.90,1
L301,8.08,35,18.15,29.57,34.9,6.8,127.32,37,0,480,149.4,35.81,1
L302,8.19,35,17,30,39.8,6.8,138.21,35,0,508.3,145.68,36.40,1
L303,8.25,41,14.71,19.9,56,7.8,128.02,50,0,523.5,110.94,35.18,1
L304,8.53,39.55,14.82,27.03,52.5,7.5,131.15,44,0,487.2,129.18,36.32,1
L305,8.57,39.55,14.71,24.57,52,7.5,116,39.9,0,481,122.59,35.03,1
L306,8.41,29.61,13.04,19.57,34.61,5.85,112.65,22.73,0,433.2,103.14,30.43,1
L307,8.32,31,51.33,22.33,35.46,6.5,73.33,32.65,0,380,114.06,36.66,1
L308,8.2,25,12.75,20.5,28.55,6,86,28.37,0,314.8,104.27,28.30,1
L309,8.14,16.09,12.55,21.97,15.46,4.12,97.07,27.54,0,312.7,107.1,26.73,1
L310,8.3,19.3,12.64,20.53,27.13,4.31,108.57,37.52,0,371.8,103.9,28.28,1
L311,8.19,26.81,15.73,27.61,25.86,5.64,167.25,59,0,432,134.43,35.22,1
L312,7.87,26.94,13.71,31.1,29.66,4.35,128.64,32.64,0,468,134.72,32.08,1
L313,8.26,26.94,15.18,23.63,29.66,4.35,130.01,0,0,468.5,122.17,30.90,1
L314,8.28,33.83,16.91,34.39,25.57,6.9,136.13,35.47,0,486.2,156.25,36.71,1
L315,8.16,39.33,17.58,35.88,25,8.1,149.48,53.46,0,512.5,162.76,39.31,1
L316,8.61,39.33,15,31.67,29.24,8.1,148.55,49.39,0,513.5,162.76,38.77,1
L317,8.89,39.33,13.77,23.98,25,8.1,134.68,47.81,0,478,117.21,35.52,1
L318,8.73,34,15.64,25.37,43.29,7.5,115.91,40.36,0,416.8,128.46,34.76,1
L319,8.91,26,22.28,23.93,30.39,5.6,111.24,29.72,0,374.6,152.55,33.87,1
L320,9.16,26,17.54,24.44,36.01,5.6,129.75,33.67,0,396.4,134.09,33.94,1
L321,8.59,42.67,15.54,27.78,40.09,5.62,144.31,33.95,0,425,134.08,35.17,1
L322,8.46,42.6,17.65,30.11,39.37,5.62,132.68,35.33,0,451.7,148.67,35.77,1
L323,7.95,50,18,31.03,40.68,5.62,141.48,37.01,0,475,148.67,36.40,1
L324,8.3,42.67,20,35.66,40.68,5.62,150.41,40.2,0,501.3,148.67,37.92,1
L325,8.41,42,21.56,30.71,44.23,7.8,206.28,36.37,0,513.4,165.96,42.50,1
L326,8.23,48.97,21.24,35,58.94,8.75,139.19,37.79,0,522.5,165.96,41.30,1
L327,8.21,39.27,48.78,26.78,59.74,8.01,140.53,54.63,0,546.3,164.01,44.75,1
L328,8.66,39.27,16.27,32.74,48.32,8.01,146.77,46.89,0,581.2,149.48,39.52,1
L329,8.82,41.09,15.66,32.92,52.27,8.61,144.76,47.36,0,578,147.37,40.08,1
L330,9.03,43.41,16.18,27.7,50.74,9.19,126.42,52.8,0,544.2,136.5,38.99,1
L331,8.55,43.21,13.16,23.18,44.37,10.16,135.85,45.1,0,484,112.67,37.22,1
L332,8.1,46.51,14.54,25.24,47.19,12.19,107.59,45.14,0,430.5,123.54,37.83,1
L333,8.21,39.27,48.78,26.78,59.74,9,140.53,53.2,0,495,164.01,45.20,1
L334,8.36,29.15,15.84,27.91,43.35,5.11,178.1,41.2,0,475.6,135.63,36.11,1
L335,8.19,27,15.69,28.73,44.16,5.11,166.04,43.52,0,485.8,137.05,35.54,1
L336,8.11,28,15.69,43,40.9,5.11,132,50,0,536,140.9,36.09,1
L337,8.19,30.33,15.69,27.5,48,10,141,51.1,0,540.3,150,39.04,1
L338,8.11,51,15.69,31.3,47,11,142,45,0,520.3,145,40.77,1
L339,7.62,0,15.69,28.7,42,0,140,42,0,555,159,29.66,1
L340,7.48,0,15.69,29.5,50,10,140,39,0,517.5,137,36.52,1
L341,7.67,0,15,28,42,9.3,123,39,0,471.7,132,34.45,1
L342,7.79,44,15,28,40,9.4,139,19,0,440.4,133,36.80,1
L343,8.18,36,14,26,36,8,112,29,0,409.5,121,33.63,1
L344,8.25,27,12,23,29,6,99.1,18,0,391.5,106,29.49,1
L345,7.94,33,14,25,33,6,104,24,0,409,121,31.08,1
L346,8.81,33,14,26,36,8,109,37,0,448.5,123,34.36,1
L347,8.53,35,16,23.3,40,11,112,40,0,476,111,36.59,1
L348,8.22,43,15,28,43,7,118,37,0,499.8,133,35.13,1
L349,8.04,46,18,33,44,8.1,127,29,0,537.8,160,38.39,1
L350,7.86,46,16,30.5,45,9,131,30,0,522.7,142,37.84,1
L351,7.95,45,16,28.5,47,12,129,43,0,518,136,39.91,1
L352,8.58,52,13,22,50,11.6,126,40,0,517,107,38.20,1
L353,7.79,44,15,27.2,43,11.8,115,1.6,0,502.5,131,37.48,1
L354,7.71,46,11,21.8,49,11.6,129,40,0,498.6,102,36.58,1
L355,7.89,39,14,24.6,44,8.4,127,43,0,473.8,119,35.09,1
L356,8.27,35,15,27.3,45,10.8,121,39,0,413.8,131,37.32,1
L357,7.49,16,7.3,13.8,14,6.6,63,24,0,287,64,22.95,1
L358,7.89,27,11,17.1,26,4.5,90,25,0,367.3,87,26.04,1
L359,7.87,30,9.33,25.1,30,5,100,28.3,0,424,90,28.23,1
L360,8.8,33,17,25.38,44,6.6,116.32,43.27,0,466,133.21,34.85,1
L361,7.91,29.9,20.3,33.2,29.5,5,151.6,24,0,467,166.5,36.04,1
L362,7.82,33.2,22.3,37.4,32.5,5.4,127.5,54,0,477,185,37.44,1
L363,8.07,32.6,21.2,35.3,31.7,5.3,136.2,40.8,0,490,175.7,37.03,1
L364,8.4,33.3,20.98,34.3,29.2,8.23,133,37.8,0,389,150.85,37.86,1
L365,8.28,37.2,16.4,33,30.7,11.1,111.1,27,0,501,149.9,38.53,1
L366,8.49,34.9,15.1,23.7,31.3,5.1,95.5,37.4,0,474,121.6,31.21,1
L367,8.64,33,17.5,24.9,31.7,5.4,115.7,36,0,452,135.6,33.29,1
L368,9.24,30,14.98,20.9,44.3,6,69.5,36.4,0,369,160,31.81,1
L369,9.2,35,10.9,19.7,36.6,6.8,85.85,32.57,0,385.5,145.3,31.80,1
L370,9.69,32,15,22,38.8,6.4,73.1,39.88,0,397.2,117.39,31.68,1
L371,8.8,33,17,25.38,44,6.6,116.32,43.27,0,466,133.21,34.85,1
L372,8.42,35,20,30,45.1,6.4,140.63,36.34,0,467.3,158.18,37.32,1
L373,8.29,40,20,29.8,44.7,7.6,134.74,41.8,0,477.4,157.68,38.16,1
L374,8.35,42,21,29.74,42.6,8.2,134.27,44.07,0,470.3,161.7,38.98,1
L375,8.1,42.14,17.28,27.79,37.3,7.11,126.4,36.8,0,455,141.35,35.66,1
L376,7.88,37.06,19.14,31.64,39.4,6.74,138.42,47.91,0,474.7,158.7,37.20,1
L377,8.59,35.15,16.59,23.64,45.9,6.4,124.42,49.63,0,460,128.13,34.67,1
L378,8.02,31.82,17,27.38,38.5,5.85,138.78,26,0,461.2,139.16,34.44,1
L379,7.93,33.21,17.37,23.65,34.7,6.08,130.42,22,0,454.7,131.39,33.37,1
L380,8.57,35,16.5,20,30.6,6.4,107.25,26,0,386.2,113.04,31.66,1
L381,7.93,34,18.5,20.3,33.1,6.5,118.89,36,0,408,125.74,32.78,1
L382,7.68,36,14.75,17.4,32.5,7.1,126.68,35,0,433.8,133.23,32.74,1
L383,8.03,36.58,23.69,28.92,37.8,5.72,132.55,36,0,458.8,170.86,36.79,1
L384,7.72,40.79,18.75,29.18,41.8,6.35,131.07,41,0,491.5,150.93,36.02,1
L385,7.94,39.37,19.78,29.76,38.7,6.97,145.29,43,0,505.4,156.68,37.72,1
L386,8.11,40.1,18,28,40.6,7,151.73,34,0,520.3,144.86,37.31,1
L387,8.15,43,14.34,23.51,51.8,7.9,138.71,48,0,540,118.39,36.26,1
L388,7.87,47.53,16.11,31.12,62.8,9.16,138.4,42,0,442.1,144.77,38.89,1
L389,8.6,33,16.9,26.42,51.5,8,119.93,35.3,0,486,136.33,36.28,1
L390,8.27,29.45,13.89,20.09,44.21,5.73,109.03,22.54,0,444.7,107.99,30.75,1
L391,8.03,29,14.67,24.33,42.24,6.4,103,32.75,0,413.8,121.82,31.77,1
L392,7.49,25,13.25,22.75,41.71,5.9,74,27.56,0,339.5,111.97,28.13,1
L393,8.45,14.03,12.22,22.69,14,3.78,97.65,25.93,0,316.3,107.53,26.68,1
L394,7.93,17.96,12.16,20.54,26.84,4.06,110.98,36.8,0,1090.8,101.92,31.47,1
L395,7.91,27.1,15.15,23.76,34.23,5.82,136.62,46.28,0,448.4,122.42,32.89,1
L396,7.95,40.94,11.34,31.31,27.69,7.89,136.49,29.75,0,476,146.66,35.72,1
L397,7.89,31.99,14.56,23.39,35.75,6.54,140.33,27.22,0,479.4,119.04,33.41,1
L398,7.84,31.4,16.16,26.24,25.19,6.38,141.55,139.47,0,496.7,132.79,36.14,1
L399,8.06,36.63,16.91,31.24,25,7.72,149.88,54.45,0,517.2,148.39,37.75,1
L400,8.59,40.4,15.3,31.37,26.14,9,154.68,45.15,0,515.5,150.8,39.26,1
L401,9.16,45.2,14.85,29.94,51.74,8.3,136.56,51.83,0,477,136.56,38.66,1
L402,7.66,36,15.7,24.93,36.64,8.2,112.54,35.1,0,406,128.91,33.85,1
L403,8.84,28,22.59,23.64,25,5.6,116.55,28.11,0,373.8,153.11,33.98,1
L404,7.69,33.3,17.74,25.08,36.47,6.9,134.2,33.87,0,401.8,136.48,34.32,1
L405,8.95,42.41,15.53,27.53,40.6,5.35,134.04,33.97,0,423.2,133.4,34.78,1
L406,8.71,33.5,17.89,28.65,39.17,5.9,131.96,35.21,0,447.2,146.03,35.52,1
L407,7.91,33.7,19,31.26,40.27,6.3,143.26,38.57,0,477,157.2,36.71,1
L408,7.98,30.5,20.2,33.91,43.42,3.9,155.75,35.04,0,512.8,161.3,36.27,1
L409,8.06,29.98,21.77,31.53,45.95,11,151.88,36.3,0,533.6,168.64,41.95,1
L410,8.2,50.51,22.63,25.1,46.39,9.21,148.82,41.6,0,530.3,170.8,41.05,1
L411,8.21,38.75,14.92,17.11,47.1,7.89,142.2,42.93,0,543.8,157.41,36.57,1
L412,8.75,37.9,16.82,35.38,48.91,10,153.03,45.67,0,590.8,158.34,42.07,1
L413,8.04,39.74,15.58,32.58,51.74,8.06,147.8,51.86,0,580.3,146.21,38.99,1
L414,8.77,53.43,16.71,28.18,50.67,7.86,133.89,20.24,0,555,139.94,38.25,1
L415,8.23,42.01,13.59,23.76,47.42,8.61,142.95,46.46,0,494.4,115.92,36.43,1
L416,8.5,50,14,25,50,11,115,44,0,509.6,119,38.02,1
L417,8.59,60.61,13.94,26.74,39.5,5.48,113.59,40.28,0,457.5,124.8,34.05,1
L418,8.18,42.5,14.96,28.81,43.41,7.06,190.38,42.92,0,481.2,134.22,38.55,1
L419,7.97,43.3,16.38,20.89,41.37,8,178.26,42.34,0,497.5,120.38,37.44,1
L420,7.94,33.9,17.75,34.09,42.9,9.3,132.8,41.9,0,529,145.5,38.72,1
L421,2.41,50.4,18.12,29.99,45.84,10.6,145.6,40.05,0,540.4,150.32,35.69,1
L422,8.11,49.5,16.52,28.92,46.86,11.5,157.78,42.94,0,547.5,140.99,41.64,1
L423,7.89,45.2,16.93,34.69,53.35,9.05,157.35,43.74,0,551.8,157.09,40.86,1
L424,7.96,52.7,13.94,2.2,50.85,10.5,159.31,41.42,0,527.5,133.35,37.01,1
L425,8.34,43.7,14.95,26.94,41.02,9.42,137.7,37.66,0,489,129.51,37.65,1
L426,7.71,41,11,21.8,46,11,129,40,0,498.6,102,35.81,1
L427,7.89,48,14,24.6,39,9,127,43,0,473.8,119,35.80,1
L428,7.55,37.8,12,29,47,7,98,26,0,421.7,123,32.13,1
L429,7.33,32.3,14,26,32,6,110,1.2,0,413.8,122,30.48,1
L430,7.64,31,14,26,35,7,118,37,0,453.8,122,32.79,1
L431,8.09,35,0.18,22,40,7,141,31,0,493,128,31.88,1
L432,7.42,44,16,28,43,8,115,44,0,524.8,136,35.58,1
L433,7.69,45,19,33,44,8.5,162,31,0,567,160,40.29,1
L434,7.95,45,16,31,44,8.6,163,51,0,553,145,39.70,1
L435,8.01,45,15.03,28,8.98,8.8,161,52,0,350,133,36.78,1
L436,7.87,51,12.91,21,46,12.4,156,38,0,553.3,105,39.30,1
L437,7.82,48,16.28,30,46,11.6,153,42,0,531.3,142,41.15,1
L438,7.93,93,11,20.2,48,10.8,145,36,0,519.6,96,38.68,1
L439,8.02,38,15,22.4,45,11.2,148,35,0,488.6,120,38.15,1
L440,8.08,34,14,24.7,43,8.6,118,39,0,438.2,120,34.53,1
L441,7.59,16,7.4,14.7,14,5.8,73,23,0,292.2,67,23.12,1
L442,7.73,26,11,17.7,26,4.2,103,30,0,379.5,91,26.56,1
L443,7.79,32,13,24.4,33,7.1,112,33,0,438.5,114,31.95,1
L444,7.95,20.6,13.8,21.1,12.8,3.1,80.6,52,0,287,109.6,25.66,1
L445,7.62,29.9,14.8,20.3,12.5,3.6,95.4,26,0,292,111.8,26.52,1
L446,7.8,30,15,25,14,3.3,89.8,24.8,0,290,100,26.47,1
L447,7.53,17.1,15.2,22.9,16.7,4.5,87.5,64.7,0,317,119.9,27.77,1
L448,7.47,20.1,16.2,21.9,13.3,4.3,98.8,51.4,0,328,124,28.11,1
L449,7.46,9.7,14.9,22.6,14,7.6,81.9,43,0,354,117.9,29.03,1
L450,7.43,21.6,13.3,26.6,12.9,4.2,64.2,55.5,0,354,107.8,26.25,1
L451,7.32,18.8,13.9,20.9,11.2,4,77.1,45.1,0,315,103.8,25.30,1
L452,7.37,18.8,11,17.1,14,4,65.1,36.3,0,275,103.8,23.52,1
L453,7.55,16.3,12,12.6,16.3,4.4,74.6,26.3,0,279,103.8,23.86,1
L454,7.3,19,15,20,22,5.4,72.03,22.52,0,300.5,112.4,26.31,1
L455,7.59,18,14,20.48,21,5.2,105.44,24.3,0,305.3,108.23,27.68,1
L456,7.6,18,15.33,20.67,22.7,5.4,125.83,58.04,0,328.3,115.45,30.04,1
L457,7.68,19,16.4,21,27.5,7.1,113.31,21.85,0,323.6,120.73,30.74,1
L458,7.49,23,17.67,21.03,23.6,8.3,106.89,28.61,0,325.5,126.07,31.77,1
L459,7.3,15.94,12.86,18.19,20,7.04,77.81,46.79,0,278,98.97,26.92,1
L460,7.29,19.21,14.13,20.21,17.7,5.42,83.05,63.03,0,277,109.29,27.08,1
L461,7.19,17.83,12.53,19,14.7,3.82,91.13,40.35,0,300,99.6,24.97,1
L462,7.31,16.09,13.29,18.25,10.8,3.27,96.8,41,0,294,100.91,24.79,1
L463,7.14,20.05,11.26,14.52,15.4,4.08,103.23,36,0,304,106.42,25.17,1
L464,7.35,22,16.5,19.5,14.9,4.2,113.63,36,0,333.8,117.4,28.05,1
L465,6.88,23,17.5,20.5,18.3,5.4,123.29,20,0,340.8,124.06,29.36,1
L466,6.69,24,18,18.5,17.7,5.6,115.26,45,0,341,121.16,29.21,1
L467,7.74,72.95,19.62,36.24,20,10.29,111.78,33,0,328,172.16,39.58,1
L468,7.95,67.9,18.6,29.2,19.9,11,100.8,30.3,0,333,135.2,37.41,1
L469,7.57,32.66,16.67,22.49,20.9,8.68,110.67,34,0,342.4,125.55,32.83,1
L470,7.71,28.3,17,20,22.4,10,114.57,28,0,363.6,120.73,33.60,1
L471,7.49,22,15.78,22.8,26.7,7.2,110.55,31,0,377.2,122.65,31.24,1
L472,7.29,16.38,13.94,18.82,25.3,7.99,104.68,32,0,333,105.04,29.52,1
L473,6.81,15.3,12.09,17.75,16.7,5.5,59.93,30.3,0,195.3,94.66,23.29,1
L474,6.84,10.93,9.29,11.28,8.52,3.73,79.1,14.48,0,241.6,66.86,20.22,1
L475,7.02,14,11.75,15.25,9.98,4,86,16.03,0,233.3,87.01,22.62,1
L476,6.63,9,8.75,12.75,16.82,4.2,60,0.71,0,165.5,68.27,19.14,1
L477,6.72,9.4,8.82,13.63,4.35,3.63,61.14,36.06,0,199,70.79,19.51,1
L478,6.86,9.44,8.36,13.63,6.7,2.77,60.15,29.78,0,205.1,68.87,18.79,1
L479,7.26,11.34,7.46,11.35,8.39,2.67,70.63,29.81,0,219.6,59.4,19.06,1
L480,7.33,26.94,8.3,15.58,11.11,4.35,70.78,20.65,0,244.3,73.45,22.25,1
L481,7.12,14.15,6.23,13.72,13.21,4.13,71.38,27.88,0,252.7,72.76,20.95,1
L482,7.1,14.39,9.9,19.07,9.68,4.01,79.86,47.31,0,271.4,88.82,23.38,1
L483,7.25,12.84,53.51,27.92,25,5,89.79,46.41,0,296.5,292.61,40.41,1
L484,7.32,10,12.5,17.51,25,8.3,108.38,31.8,0,309.8,185,31.52,1
L485,7.12,12.1,9.92,13.59,25,5.98,94.45,25.77,0,277.9,75.26,24.49,1
L486,7.2,11,13.79,16.53,25,5.2,90.15,20.77,0,279.6,98.71,25.42,1
L487,7.33,15,25.43,21.73,37,6.6,110.28,24.11,0,306.6,160.18,32.87,1
L488,7.58,14.3,17.44,19.89,25,6.6,128.59,30.45,0,322,122.32,30.92,1
L489,7.56,36.06,16.45,27.84,25,7.27,109.19,34.56,0,329,138.02,32.89,1
L490,7.66,21.8,16.24,23.21,25,5.5,104.89,37.33,0,336,125.58,29.91,1
L491,7.41,19.3,17,23.07,19.23,9.2,107.03,39.62,0,348.7,99.2,31.72,1
L492,7.71,20.9,19,26.17,25,8.3,115.11,39.13,0,363.3,90.5,32.48,1
L493,7.54,21,18.7,23.88,25,7.2,110.78,40.24,0,390,137.43,32.54,1
L494,7.57,39.71,24.3,10,25,10.27,108.73,47.97,0,413.5,125.9,34.91,1
L495,7.49,30.32,12.39,18.71,25.31,9.23,118.22,50.8,0,445,144.92,33.75,1
L496,7.62,0,17.01,28.92,25.11,8.95,128.46,61.62,0,493.5,143.03,35.21,1
L497,7.5,36.07,17.03,29.11,75.38,8.69,126.06,89.91,0,487,143.57,38.48,1
L498,7.5,30.58,17.54,24.68,25,7.65,114.61,59.22,0,456,134.66,33.96,1
L499,7.24,28.4,13.73,19.33,25,6.99,122.52,44.03,0,388.6,105.45,30.61,1
L500,7.95,30,15.1,20.5,24.8,7,135.2,50.5,0,400,100,32.33,1
L501,6.88,35.3,11.1,14.7,25,5,67.6,32.6,0,265.2,83,24.00,1
L502,7.01,20.34,13.07,17.55,25,5,132.7,35.56,0,319,98.22,27.90,1
L503,7.17,20.34,14.28,16.93,25,9,118.51,26.7,0,336.7,101.72,30.62,1
L504,7.27,32,14.9,20.3,26.89,12.5,98.62,32.76,0,316.86,109.89,33.83,1
L505,7.23,30.8,17.9,21.51,46.68,11.1,101.49,32.22,0,438.6,128.25,35.29,1
L506,7.09,28.3,16.38,20.4,30.23,12.2,122.06,46.11,0,430,121.02,35.89,1
L507,7.09,30.1,20.47,27.08,34.52,13.1,122,53.55,0,449,152.56,39.53,1
L508,7.09,36.3,15.96,27.63,36.95,15.3,194,52.39,0,453.3,135.44,43.56,1
L509,6.77,18.4,12.54,14.84,10.65,7,89.94,25.68,0,266,89.28,25.57,1
L510,6.25,22,14,17,10,5,124,1.6,0,236,99,25.48,1
L511,6.29,17,11,15,13,5,80,27,0,262.5,82,22.68,1
L512,6.8,13,9,10,6.7,6,69,13,0,273.5,61,21.24,1
L513,6.43,17,11,11,12,5,76,41,0,307.8,86,22.74,1
L514,6.41,19,13,17,16,7,141,3.3,0,271.6,96,27.91,1
L515,6.21,19,14,11,20,8,81,15,0,291,87,25.38,1
L516,6.87,20,12,13,17,15,99,3.6,0,344,95.4,32.28,1
L517,7.26,29,15,18,21,13,100,26,0,350.8,106,33.62,1
L518,7.38,27,12,15.3,22,12,108,40,0,359.5,89,32.19,1
L519,7.25,27,14,19.4,27,15.2,109,35,0,384.2,106,36.11,1
L520,7.06,26,10,13.6,18,11.8,109,23,0,358.3,77,30.37,1
L521,6.85,32,16,21.1,22,11.2,127,41,0,308.7,120,34.30,1
L522,7,18,10,15,5,2.7,96,43,0,291.4,80,22.34,1
L523,6.68,19,11,12.7,6.9,3.5,91,54,0,309.8,77,22.63,1
L524,6.66,14,24,49.7,17,1.6,208,15,0,307,224,37.15,1
L525,7.17,17.3,11,50,21.8,5.9,180.3,18.9,0,2.1,195,35.16,1
L526,6.96,24,12,2,23,6.8,95,31,0,315.3,84,25.00,1
L527,6.99,27,9.9,14.4,26,8.6,71,39,0,306,77,26.53,1
L528,7.18,22.35,16.47,10.09,9.06,0.21,4.34,2.08,2535,4609.1,0,56.48,0
L529,6.51,28.26,34.43,47.2,14.13,0.72,5.41,2.5,5645,10263.6,0,118.28,0
L530,6.92,14.52,3.77,6.23,12.86,0.31,3.84,1.48,1725,3136.4,0,39.25,1
L531,7.24,11.13,3.37,3.05,11.86,0.08,3.28,1.23,1300,2363.6,0,31.35,1
L532,7.35,8.7,5.06,3.88,3.16,0.49,1.8,0.98,1230,2236.4,0,30.52,1
L533,7.16,6.04,1.7,1.19,2.84,0.18,1.64,0.79,800,1454.5,0,21.59,1
L534,7.35,6.7,4.65,4.09,4.36,0.28,1.98,0.92,900,1636.4,0,24.55,1
L535,6.96,8.13,3.28,4.9,2.16,0.26,2.34,1.17,1194.5,2171.8,0,29.14,1
L536,7.45,8.7,1.61,1.95,4.52,0.28,2.36,1.48,1703,3096.4,0,37.85,1
L537,7.05,10.65,19.99,20.53,70.62,0.15,4.33,2.29,4015,7300,0,85.16,0
L538,7.52,7.74,2.95,1.72,4.96,0.15,5.66,0.87,800,1454.5,0,22.52,1
L539,7.39,9.26,4.87,4.46,17.98,0.28,7.87,2.04,2160,3927.3,0,47.29,1
L540,7.96,10,24.85,16.03,40.55,0.33,5.66,2.75,3770,6854.5,0,81.38,0
L541,7.8,9.26,27.68,20.84,86.24,0.15,7.54,2.66,3250,5909.1,0,74.63,0
L542,6.89,1.17,1.83,2.15,2.47,0.18,2.54,0,363,660,0,13.71,1
L543,7.49,1.04,8.8,10.22,20.52,0.21,5.16,0,170,309.1,0,13.86,1
L544,6.98,5.22,6.25,3.88,10.59,0.28,5.16,1.81,1340,2436.4,0,32.37,1
L545,7.16,33.91,42.88,29.91,131.77,0.9,3.61,4.99,7890,14345.5,0,161.09,0
L546,7.6,7.17,2.31,2.2,8.64,0.31,6.64,1.85,1345,2445.5,0,32.23,1
L547,7.89,2.13,1.82,2.05,5.74,0.23,7.54,0,829,1507.3,0,23.10,1
L548,7.58,1,2.68,4.41,5.33,0.18,5.9,0.15,565,1027.3,0,18.51,1
L549,7.55,8.57,27.69,20.14,50.28,0.69,6.07,2.5,4360,7927.3,0,92.73,0
L550,7.87,7.13,18.09,18.09,46.55,0.31,6.31,2.25,2610,4745.5,0,60.30,0
L551,7.14,5.35,10.87,9.12,47.68,0.36,4.1,2.33,2750,5000,0,59.53,0
L552,7.69,1,1.94,2.25,2.54,0.33,6.97,0.48,329.5,599.1,0,14.23,1
L553,7.17,2.35,2.48,1.7,10.9,0.28,5.98,0.81,1433.5,2606.4,0,33.11,1
L554,6.78,1.96,7.94,10.62,17.95,0.18,7.54,0.46,1115,2027.3,0,29.49,1
L555,7.59,6.65,14.52,9.94,33.26,0.33,7.3,0.98,2485,4518.2,0,55.86,0
L556,7.69,1,1.82,1.95,10.03,0.03,5.9,0.67,259,470.9,0,12.91,1
L557,6.9,8.7,6.72,8.27,19.13,0.28,7.3,2.21,2329.5,4235.5,0,50.55,0
L558,7.7,3,3.44,5.45,15.69,0.21,5.66,0.48,1435,2609.1,0,34.36,1
L559,8,2.52,3.53,4.45,15.21,0.18,5.57,0.94,1280,2327.3,0,31.80,1
L560,7.45,8,27,22.28,23.55,0.41,7.26,1.62,2493.5,4533.6,0,59.47,0
L561,8.2,3.87,8.99,10.44,24.81,0.23,7.11,1.31,1415.5,2573.6,0,36.52,1
L562,7.4,11.3,3.5,4.46,15.37,0.54,5.66,2.79,3360,6109.1,0,67.93,0
L563,7.52,7.78,7.38,9.39,22.81,0.36,7.11,5.35,2065,3754.5,0,46.99,1
L564,7.67,2.04,2.98,3.03,8.84,0.23,6.16,3.47,1300,2363.6,0,31.46,1
L565,7.38,6.78,2.37,2.88,8.73,0.26,7.14,4.87,1250,2272.7,0,30.50,1
L566,7.65,15.48,12.95,10.48,25.64,0.59,14.44,7.18,3270,5945.5,0,70.08,0
L567,7.54,7.04,2.65,3.42,11.83,0.31,6.85,1.1,1305,2372.7,0,31.78,1
L568,7.98,7.61,4.92,4.45,13.77,0.36,6.65,4.16,2340,4254.5,0,50.81,0
L569,6.86,5.22,1.93,2.73,10.34,0.26,4.53,1.62,1215,2209.1,0,29.11,1
L570,7.68,3.43,2.62,3.15,10.34,0.28,3.58,1.35,859,1561.8,0,23.78,1
L571,7.98,10,15.36,12.63,20.27,0.44,8.3,5.58,2777,5049.1,0,61.72,0
L572,7.9,7.61,9.93,8.83,20.48,0.33,6.86,0.67,2310,4200,0,51.78,0
L573,8.25,6.87,5.66,3.94,13.18,0.36,11.06,0.96,2270,4127.3,0,50.01,0
L574,7.22,4.35,11.96,10.46,22.59,0.26,8.76,1.12,1691.5,3075.5,0,40.97,1
L575,8.06,8.61,23.7,15.52,20.27,0.67,6.73,1.39,3489,6343.6,0,75.94,0
L576,8.5,9.13,12.09,8.9,18.03,0.46,6.73,2.46,2835,5154.5,0,61.95,0
L577,7.6,6.7,9.92,8.43,18.75,0.28,5.3,2.81,2462.5,4477.3,0,53.92,0
L578,8,36,33,36,14,4.5,342,3,364,560,225.2,51.51,0
L579,8.1,16,28,40,7.1,2.8,268,16,300,462,215.2,44.33,1
L580,8.1,35,39,32,28,4.4,317,10,380,585,240.2,52.21,0
L581,8.5,49,30,20,18,5.6,275,12,338,520,175.1,46.23,1
L582,8.1,37,36,68,28,5.2,421,31,490,754,320.3,66.00,0
L583,8,20,41,48,14,3.7,366,17,400,615,290.2,56.97,0
L584,8.2,37,39,48,43,4.4,310,17,430,662,280.2,56.60,0
L585,8.2,37,36,60,57,4.8,325,46,480,738,300.2,60.84,0
L586,8.2,10,19,28,7,2.4,195,2.2,214,320,150,33.80,1
L587,8,48,34,36,21,2.8,354,19,411,614,230,52.79,0
L588,7.9,13,27,36,7,3.8,268,4.3,285,426,200,43.12,1
L589,8,51,32,32,21,4.8,354,6.3,396,591,210,52.52,0
L590,8.1,17,41,20,14,4,268,18,316,472,220,45.79,1
L591,7.9,28,36,36,7,5.8,354,2.5,380,567,240,53.51,0
L592,8.2,24,58,56,28,3.8,427,47,529,790,380,69.85,0
L593,7.9,35,37,61,59,4.7,355,45,473,710,310,62.19,0
L594,7.31,134,23,46,130,18,34.41,290,832,1300,210,66.73,0
L595,7.23,224,13,32,108,16,117.69,113,811,1267,133,62.95,0
L596,7.13,54,21,36,196,19,138.3,147,736,1150,176,63.67,0
L597,7.45,136,35,49,182,26,123.09,33,902,1410,266,79.31,0
L598,7.45,116,41,86,200,5,14.81,713,1001,1564,383,81.17,0
L599,7.11,196,32,23,193,16,128.74,233,781,1220,189,70.40,0
L600,7.37,110,50,59,104,10,93.53,198,925,1445,353,72.16,0
L601,7.21,86,38,63,142,9,39.73,167,1021,1595,314,66.95,0
L602,7.2,88,67,94,163,18,117.11,160,710,1110,510,87.90,0
L603,7.46,84,45,85,154,32,19.63,113,1123,1755,397,91.07,0
L604,7.24,108,46,96,168,12,54.11,214,806,1260,429,78.07,0
L605,7.26,220,36,52,56,5,53.89,34,954,1490,278,61.82,0
L606,7.55,124,49,79,60,28,167.43,67,973,1520,399,90.65,0
L607,7.25,150,36,86,36,22,49.48,78,1069,1670,363,80.04,0
L608,7.12,118,34,80,148,6,64.18,89,1197,1870,340,70.85,0
L609,6.86,208,46,56,169,13,182.21,68,1126,1760,329,83.44,0
L610,7.29,52,36,65,144,12,187.13,86,960,1500,310,71.83,0
L611,7.33,460,45,59,122,22,137.87,191,864,1350,332,97.04,0
L612,7.34,134,46,77,102,5,44.82,62,790,1235,382,64.88,0
L613,7.16,74,22,86,280,13,128.42,47,1171,1830,305,77.42,0
L614,7.01,102,26,46,508,12,136.65,32,2035,3180,222,91.94,0
L615,7.5,112,18,26,200,42,88.6,155,280,437,139,71.94,0
L616,6.82,90,21,36,288,10,44.41,363,220,343,176,52.42,0
L617,7.5,62,30,67,168,8,118.83,552,332,519,291,64.12,0
L618,7.94,68,60,70,112,9,119.63,351,290,453,422,69.37,0
L619,8,50,45,61,448,8,139.46,246,361,564,337,71.76,0
L620,7.98,110,53,78,67,10,59.04,164,313,489,413,64.34,0
L621,7.43,64,29,63,142,22,157.57,183,1050,1640,277,79.36,0
L622,7.49,138,36,94,282,11,158.07,50,1184,1850,383,86.67,0
L623,7.26,68,26,56,197,9,146.42,171,313,489,247,56.43,0
L624,7.42,72,40,73,184,10,49.9,149,343,536,347,60.46,0
L625,7.25,112,45,60,164,20,104.67,150,394,615,335,71.37,0
L626,7.43,390,48,96,130,5,93.83,182,310,485,437,78.54,0
L627,7.85,194,36,96,84,40,34.81,41,260,406,388,85.43,0
L628,7.45,75,51,62,143,13,142,41,280,437,365,64.08,0
L629,7.66,110,55,84,130,7,153.24,33,275,429,436,66.76,0
L630,7.5,162,34,63,89,11,141,33,309,483,297,60.17,0
L631,8.01,63,41,90,167,11,63.25,43,284,444,393,62.22,0
L632,7.79,68,36,60,172,8,123.25,121,316,494,298,57.35,0
L633,7.43,96,33,92,123,7,145.35,31,992,1550,366,71.57,0
L634,7.67,59,28,49,46,6,136.48,58,810,1265,238,54.21,0
L635,7.78,100,21,84,44,5,143.78,56,845,1320,296,60.94,0
L636,7.26,56,40,92,56,11,151.09,25,995,1555,394,72.92,0
L637,7.14,108,23,59,105,5,158.39,26,851,1330,242,58.47,0
L638,8,68,31,76,87,13,165.7,23,902,1410,317,69.85,0
L639,8.33,95,29,80,88,6,173,29,771,1205,319,64.65,0
L640,8.33,86,28,72,100,6,180.31,32,755,1180,295,62.86,0
L641,8.03,49,22,81,95,11,187.61,29,872,1363,293,66.61,0
L642,7.56,66,35,60,124,40,194.92,45,819,1280,294,89.42,0
L643,7.4,49,37,69,188,19,202.22,49,835,1305,325,77.58,0
L644,7.28,96,34,48,154,16,28.95,304,858,1340,260,68.36,0
L645,7.12,328,23,59,111,26,116.45,108,1004,1568,242,86.56,0
L646,7.24,30,31,52,188,28,135.95,151,742,1160,257,75.53,0
L647,7.3,156,36,57,180,33,118.83,314,883,1380,290,91.81,0
L648,7.32,172,37,63,189,9,11.56,672,1017,1589,310,79.93,0
L649,7.23,252,38,57,197,19,124.21,231,734,1147,299,83.01,0
L650,7.42,114,41,81,114,18,91.18,203,947,1480,371,80.67,0
L651,6.98,70,30,89,138,12,35.47,170,1030,1610,346,70.84,0
L652,7.14,54,88,92,165,23,113.85,155,712,1113,592,96.00,0
L653,7.4,60,44,86,142,36,14.39,118,1142,1785,396,92.66,0
L654,7.28,236,36,84,168,13,49.85,249,819,1280,358,79.91,0
L655,7.56,172,32,87,52,5,49.33,34,986,1540,349,65.77,0
L656,7.64,72,32,76,64,32,162.09,70,957,1495,321,85.26,0
L657,7.2,90,26,59,40,29,43.84,85,1062,1660,254,74.06,0
L658,7.22,92,32,57,128,13,59.64,76,1184,1850,274,68.66,0
L659,6.92,304,14,49,165,19,178.65,62,1114,1740,180,80.63,0
L660,7.51,136,15,55,144,9,181.89,65,963,1505,199,64.62,0
L661,7.47,332,26,63,120,16,132.61,193,860,1343,264,81.45,0
L662,7.25,148,32,84,100,3,39.93,63,794,1240,341,60.77,0
L663,7.16,104,35,61,287,16,122.18,43,1178,1840,296,80.08,0
L664,7.02,136,21,49,524,20,132.08,31,2058,3215,209,99.23,0
L665,7.37,99,14,63,198,26,83.24,196,271,424,215,65.47,0
L666,6.71,83,16,87,290,11,40.22,391,209,326,283,61.48,0
L667,7.83,56,25,49,176,8,113.51,1159,323,505,225,69.96,0
L668,7.89,54,14,86,120,6,113.41,342,276,432,272,55.02,0
L669,8.1,114,16,74,456,8,132.3,269,348,543,251,68.58,0
L670,7.56,192,25,96,59,24,53.9,168,315,492,343,72.88,0
L671,7.47,56,35,72,128,18,152.25,183,1043,1630,324,78.84,0
L672,7.13,228,18,99,200,9,153.92,52,1152,1800,321,81.22,0
L673,7.25,99,37,63,203,10,140.18,179,298,465,310,63.15,0
L674,7.49,109,39,81,184,11,44.76,154,324,506,363,63.79,0
L675,7.37,110,32,76,165,28,99.49,153,377,589,321,76.19,0
L676,7.85,56,29,89,126,12,88.59,189,265,414,342,60.92,0
L677,7.7,156,18,76,92,14,29.32,41,271,424,264,54.58,0
L678,7.53,110,38,92,139,65,136.76,42,314,490,386,107.25,0
L679,7.83,122,13,63,134,45,147.98,35,283,442,211,79.30,0
L680,7.65,156,39,61,91,58,133.75,33,320,500,313,96.70,0
L681,8.06,66,32,85,164,43,56.12,42,300,469,344,82.74,0
L682,7.98,91,38,48,176,35,115.59,44,326,509,276,75.80,0
L683,7.73,109,39,100,112,24,137.16,29,998,1560,410,88.08,0
L684,7.88,68,32,56,50,27,127.75,95,867,1355,272,74.64,0
L685,8.04,152,35,69,46,52,134.53,91,808,1263,316,100.18,0
L686,7.27,73,19,92,52,84,141.3,29,1002,1565,308,122.19,0
L687,7.21,129,36,73,73,24,148.08,26,838,1310,330,78.97,0
L688,8.23,59,38,81,85,103,154.85,28,858,1340,359,139.82,0
L689,8.49,86,19,56,88,43,161.63,27,806,1260,218,84.64,0
L690,8.36,94,28,36,100,48,168.4,31,772,1207,205,87.69,0
L691,8.09,53,23,85,95,49,175.18,27,847,1323,307,95.72,0
L692,7.44,83,26,49,127,26,181.95,55,797,1245,229,73.86,0
L693,7.34,71,34,52,204,16,188.73,48,653,1020,270,68.93,0
L694,6.83,15.54,6.03,35.34,1.9,15.1,175,1,159.25,245,0,34.47,1
L695,7.84,39,4.9,23.8,1.08,1.7,139,8,150,262,0,23.22,1
L696,8.67,13.6,6.92,27.94,0.6,10.32,145,1.8,188.5,290,0,30.83,1
L697,8.4,25,5.35,36,0,0.9,170.6,1.6,204,295,0,25.93,1
L698,8.51,30,1.95,8,2,2.6,90,1.3,124,204,0,18.84,1
L699,7.44,25.4,2.8,8.4,2.2,7.63,93,0.8,203,313,0,22.96,1
L700,8.81,34.5,4.51,0.97,2.5,1.86,97.6,0.5,214,335,0,20.11,1
L701,6.12,2.78,2.12,24.62,4.2,2.94,85,0.8,169,260,0,18.14,1
L702,6.07,3.56,2.14,25.1,0.8,3.12,75,0.5,312,480,0,20.02,1
L703,5.62,1.69,1.98,6.09,6.7,1.39,15,0.8,45.5,70,0,9.11,1
L704,5.37,7.45,1.89,23.41,2.1,3.92,95,0.8,58.5,90,0,16.84,1
L705,6.14,3.14,2.29,19.81,12.5,6.52,60,0.7,104,160,0,18.42,1
L706,6.4,2.45,2.23,25.55,1.6,1.9,75,1.5,91,140,0,15.97,1
L707,5.53,0.08,2.28,12.5,2.7,0.15,48.8,1.5,87,171.9,0,11.14,1
L708,6.31,2.54,2.94,18.07,0.7,2.29,97.3,1.6,135,264.4,0,17.40,1
L709,6.17,4.6,2.81,17.4,1.3,1.54,60.2,6.2,88,174,0,14.26,1
L710,5.83,1.73,2.37,14.6,0.5,0.42,52,1.1,66,130.7,0,11.66,1
L711,6.88,0.08,3.4,19.4,3.7,1.74,85.2,1.1,172,334.9,0,17.84,1
L712,5.76,0.08,3.44,18.4,1.3,2.13,90.4,0.84,102,200.4,0,15.88,1
L713,5.69,0.1,3.12,18.7,1.7,1.14,86.1,1.4,100,196.8,0,14.84,1
L714,5.99,0.19,3.18,27.1,2.7,9.06,125.4,1.2,159,309.4,0,25.01,1
L715,5.64,2.09,1.99,18.55,0.8,2.35,50,5,48.75,75,0,12.93,1
L716,5.53,1.67,1.8,3.58,1.7,1.45,15.5,0.8,26,40,0,8.30,1
L717,6,0.8,3.87,23.3,1.2,1.24,91.2,1.1,97,189.6,0,16.08,1
L718,5.31,0.08,2.42,14.1,0.8,5.13,50.2,2.4,24,48.67,0,13.81,1
